{
	"mWpm":8.085288376041906e1,
	"mTop":1.7310503158594196e2,
	"mTop2":2.2688595868995653e4,
	"mZ0":9.221229417012904e1,
	"mZprime":2.808930042816689e4,
	"mPsiDark":5.384044735645685e3,
	"mTau":1.503696873630391,
	"mBottom":4.249867489562803,
	"Higgs":1.2605870077893013e2,
	"ThetaHiggs":5.05635621484375e-2,
	"mNeutrino":0.1000604090679378,
	"Triviality":0,
	"HiggsTrilin":2.9353727598570188e1,
	"TopYukawa":0.9900622314597352
}