{"c0Prime": 0.3138, "c1": 4.3617, "c0": 0.1908, "k": 50096.2468, "zL": 36.7277, "Mu1": 97070.87248595315, "c2": 2.5516, "Mu11Prime": 0.9092161352999267, "Mu2Tilde": 692.9228, "Mu11": 27630923.654938824}