{"k": 1670301.391393784, "zL": 843.8609450584889, "c0": 0.3950656989629941, "c1": 0.4893031709956739, "c2": 0.47525283607267355, "c0Prime": 0.7461471460644898, "Mu1": 24.4299286331435, "Mu11": 12.622001287849692, "Mu11Prime": 18.103443609045865, "Mu2Tilde": 12.57422319103593}