{"Mu11": 213.2346, "k": 774460.2719, "Mu11Prime": 715.1411, "Mu2Tilde": 1.523786304434975e-10, "Mu1": 3.911855997026772e-14, "c0": 0.545, "c2": -7.0102, "zL": 125.8332, "c0Prime": 0.4266, "c1": 9.0373}