{"Mu11": 200.9028, "k": 527681.7436, "Mu11Prime": 190.0068, "Mu2Tilde": 11444.127255151721, "Mu1": 5.013771138498805e-05, "c0": 0.3747, "c2": 0.1764, "zL": 121.5547, "c0Prime": 0.1335, "c1": 4.4983}