{"Mu1": 242.3578951362843, "c0": 0.45699680187707037, "Mu2Tilde": 120.03719848292297, "c0Prime": 0.5763971914144259, "c1": 0.9001458236747246, "zL": 287.0675676288482, "k": 901238.1386290401, "c2": -2.0490978426142976, "Mu11": 59.6509425974829, "Mu11Prime": 232069.8845208714}