{"c0": 0.003346777077685441, "Mu1": 656.3358827464391, "Mu2Tilde": 351.9419063430238, "zL": 36.15635904580715, "c1": 2.1027758933593557, "c0Prime": 0.12771184584435172, "k": 66727.02142315931, "c2": -3.5837930217680434, "Mu11": 13067.06290656785, "Mu11Prime": 491130.6229944227}