{"k": 7690069.1157, "c0": 0.7001, "Mu1": 1.181441572218529e-09, "Mu11Prime": 1479.0721, "c2": 2.9009, "c0Prime": 0.8873, "zL": 821.6026, "Mu11": 164.5077, "c1": 5.1937, "Mu2Tilde": 497448.2291779526}