{"k": 1670218.521739192, "zL": 842.66828011925, "c0": 0.39496013895458126, "c1": 0.4903540534892674, "c2": 0.478930716640959, "c0Prime": 0.7484879710261874, "Mu1": 24.445121206464947, "Mu11": 12.528986687486803, "Mu11Prime": 18.066523744401753, "Mu2Tilde": 12.611560247298677}