{"k": 1670637.8929784303, "zL": 839.1922679305163, "c0": 0.3943760720507934, "c1": 0.48976239656028914, "c2": 0.47440760448625197, "c0Prime": 0.7487514559687776, "Mu1": 24.405265811407375, "Mu11": 12.50900704016402, "Mu11Prime": 18.133745274494302, "Mu2Tilde": 12.613863333033589}