{"Mu11": 767.0705, "k": 825232.8531, "Mu11Prime": 883.3181, "Mu2Tilde": 4.687612590243301e-14, "Mu1": 18.498355904440896, "c0": 0.7204, "c2": -8.3304, "zL": 144.1706, "c0Prime": 0.3033, "c1": 2.3016}