{"c0Prime": 0.3676, "c1": 4.272, "c0": 0.25569812978044815, "k": 50369.0094, "zL": 36.3959, "Mu1": 897.4841, "c2": 2.4815, "Mu11Prime": 1.0376716197949996, "Mu2Tilde": 692.4226, "Mu11": 16193345.686089609}