{"Mu11": 595.9848, "k": 309046.1514, "Mu11Prime": 616.3388, "Mu2Tilde": 36.7543652979116, "Mu1": 1.0841214408297092e-15, "c0": 0.545, "c2": -1.4089, "zL": 128.4699, "c0Prime": 0.175, "c1": 9.9607}