{"k": 4025547.4053, "c0": 0.484, "Mu1": 5.334343990965403e-52, "Mu11Prime": 409.2747, "c2": -8.8762, "c0Prime": 0.6411, "zL": 593.2294, "Mu11": 971.6867, "c1": 20.8734, "Mu2Tilde": 1.059850456944793e-20}