{"k": 4356412.381, "c0": 0.4259, "Mu1": 3.84369486904024e-22, "Mu11Prime": 1549.1516, "c2": -9.0558, "c0Prime": 0.3171, "zL": 703.7127, "Mu11": 1530.5122, "c1": 9.8166, "Mu2Tilde": 1.7153965637064204e-21}