{"k": 7818077.3632, "c0": 0.5237, "Mu1": 4.557735924470115e-18, "Mu11Prime": 1116.0433, "c2": 22.6517, "c0Prime": 0.8261, "zL": 971.4287, "Mu11": 1512.4906, "c1": 8.0882, "Mu2Tilde": 3312878.0918274615}