{"c0Prime": 0.3741304105221211, "c1": 4.3539, "c0": 0.2637, "k": 52446.5269, "zL": 37.6486, "Mu1": 896.7597, "c2": 2.4661, "Mu11Prime": 1.048707921609381, "Mu2Tilde": 692.2612, "Mu11": 24030245.228096027}