{"c2": 6.767599964599819, "Mu1": 956.272945374816, "Mu2Tilde": 914.346482038909, "k": 115605.44948643466, "zL": 68.87505322480175, "c0Prime": 0.4294881922772963, "c0": 0.3875148151128771, "c1": 4.294136475186315}