{"Mu11": 503.4683, "k": 567246.1483, "Mu11Prime": 539.0869, "Mu2Tilde": 8.617166336487602e-14, "Mu1": 3.035653152169537e-11, "c0": 0.7661, "c2": -8.5253, "zL": 113.5505, "c0Prime": 0.7755, "c1": 8.188}