{"k": 1666851.287953319, "zL": 829.5351118612492, "c0": 0.3920220325505815, "c1": 0.485423874157075, "c2": 0.46578931465646956, "c0Prime": 0.7531296172508587, "Mu1": 24.222684037051334, "Mu11": 12.687463413144759, "Mu11Prime": 18.00673698501464, "Mu2Tilde": 12.566868161699967}