{"Mu11": 425.1798, "k": 634417.5803, "Mu11Prime": 147.9457, "Mu2Tilde": 2.4529001461444225e-14, "Mu1": 0.0004408438514024611, "c0": 0.4168, "c2": -8.6535, "zL": 117.873, "c0Prime": 0.7329, "c1": 4.2583}