{"k": 1659479.7216917174, "zL": 882.5481959756091, "c0": 0.38545101490938155, "c1": 0.4978963952460841, "c2": 0.4654994361997069, "c0Prime": 0.744428147472417, "Mu1": 24.968555977714693, "Mu11": 13.106561118898203, "Mu11Prime": 17.479819857512634, "Mu2Tilde": 12.589383432263956}