{"c0": 0.38597057505456567, "Mu1": 123.82952362708937, "Mu2Tilde": 183.7182017920909, "zL": 63.841779150664905, "c1": 1.2429414285954064, "c0Prime": 0.687435443455933, "k": 192865.21123998068, "c2": 7.319740966010226, "Mu11": 75.39682869771809, "Mu11Prime": 0.15231636881988}