{"k": 4666057.7505, "c0": 0.5804, "Mu1": 3.258024089725047e-37, "Mu11Prime": 657.5206, "c2": 21.7609, "c0Prime": 0.7771, "zL": 565.6029, "Mu11": 1703.2167, "c1": 15.8113, "Mu2Tilde": 1038166.9870218041}