{"k": 6921405.48611368, "zL": 3583.4619201251, "c0": 0.3921453293, "c0Prime": 0.1881527863, "c1": 4.5319129846, "Mu1": 227.4455017102, "c2": 2.4636852076, "Mu2Tilde": 760.5981911532, "Mu11": 862.5168127546, "Mu11Prime": 776.786322208}