{"Mu2Tilde": 366.2279347967992, "c0": 0.0033714557276637845, "Mu11Prime": 317281.01486627833, "zL": 35.476041487295284, "c1": 2.1249279926679745, "c0Prime": 0.12642559735867678, "c2": -3.460205982444441, "Mu1": 684.945095939291, "Mu11": 13773.461911680282, "k": 67477.22554220997}