{"k": 7578032.9163, "c0": 0.7018, "Mu1": 1.3666859230969752e-35, "Mu11Prime": 1846.6408, "c2": -7.5082, "c0Prime": 0.2703, "zL": 847.658, "Mu11": 1470.0729, "c1": 14.4283, "Mu2Tilde": 4.0096606945931955e-18}