{"Mu2Tilde": 375.57158035105925, "c0": 0.0034330697841760795, "Mu11Prime": 218035.93722263482, "zL": 35.191368058474986, "c1": 2.1272428816170446, "c0Prime": 0.12758705056485314, "c2": -3.3550363939514716, "Mu1": 647.5347490243188, "Mu11": 12930.713282644636, "k": 66934.71550453242}