{"k": 1638714.3632292436, "zL": 904.3684530226557, "c0": 0.4227656608025695, "c1": 0.4779797500943798, "c2": 0.35033218587714143, "c0Prime": 0.6635127237758711, "Mu1": 22.218733065593323, "Mu11": 14.07910945122871, "Mu11Prime": 18.335063149576282, "Mu2Tilde": 12.515851383890293}