{"c0Prime": 0.3889, "c1": 91018671072855.83, "c0": 0.2783, "k": 48147.7872, "zL": 37.546, "Mu1": 897.3077, "c2": 2.5922, "Mu11Prime": 1.0393674296231603, "Mu2Tilde": 692.57, "Mu11": 27199906.945990372}