{"k": 5275823.9438058175, "zL": 1066.9078519984, "c0": 0.6042607163, "c0Prime": 0.7703418364, "c1": 0.490463362, "Mu1": 684.0569767822, "c2": 1.1360383147, "Mu2Tilde": 3.6813923309, "Mu11": 215.796844194, "Mu11Prime": 305.6594484737}