{"Mu11": 281.1138, "k": 832096.3417, "Mu11Prime": 639.2474, "Mu2Tilde": 7713.508891637658, "Mu1": 1.4918328035825338e-09, "c0": 0.7206, "c2": -0.0054, "zL": 140.6225, "c0Prime": 0.1251, "c1": 6.9039}