{"c2": 6.730946304948823, "c0Prime": 0.43436460279296524, "Mu2Tilde": 925.5097026808082, "k": 117569.70216578852, "zL": 71.6218230848639, "Mu1": 967.9016521469723, "c0": 0.3905837886138598, "c1": 4.363592988510238}