{"c0": 0.0034779361058582385, "Mu1": 669.0820230988483, "Mu2Tilde": 360.01416780458766, "zL": 45.676440062554164, "c1": 1.9573145230630213, "c0Prime": 0.1280632862065583, "k": 72166.75570517172, "c2": -3.4869025459096394, "Mu11": 12839.40549590892, "Mu11Prime": 812331.7639264689}