{"k": 4207671.8042, "c0": 0.8821, "Mu1": 1.201942299922478e-07, "Mu11Prime": 1282.3604, "c2": -9.5636, "c0Prime": 0.2765, "zL": 565.449, "Mu11": 315.4006, "c1": 5.0001, "Mu2Tilde": 1.2779288922913124e-22}