{"Mu2Tilde": 846.3549874901812, "c0": 0.14226914420452, "Mu11Prime": 399621.0377442617, "zL": 25.243186319414697, "c1": 3.203270324977285, "c0Prime": 0.0010925740628544348, "c2": -3.5615461422099166, "Mu1": 774.9883479298638, "Mu11": 152340.80544355186, "k": 84410.06843009546}