{"c0": 0.0033819821069369814, "Mu1": 627.3299716548112, "Mu2Tilde": 351.10249226456506, "zL": 46.850925047799, "c1": 1.9442146113227077, "c0Prime": 0.12667293839816673, "k": 73311.39412558424, "c2": -3.497417235912955, "Mu11": 12064.18001839918, "Mu11Prime": 899931.0143409637}