{"c0": 0.39088268404655485, "Mu1": 122.83206752813979, "Mu2Tilde": 185.68897025946106, "zL": 62.81485805440767, "c1": 1.235320189797232, "c0Prime": 0.6935395602748031, "k": 191720.98644775013, "c2": 7.493480851627698, "Mu11": 70.3755484279737, "Mu11Prime": 0.1520517616943338}