{"c1": 2332967348.499885, "c0": 0.1806, "k": 47689.7169, "zL": 35.4323, "Mu1": -15911.1879, "c2": 2.1774, "Mu11": -1.95943779337825e+202, "Mu11Prime": 0.6443660581256588, "Mu2Tilde": 448.0812, "c0Prime": 0.3096}