{"k": 9521985.350169918, "zL": 6952.4759774701, "c0": 0.2545607261, "c0Prime": 0.3073448098, "c1": 2.6670852983, "Mu1": 571.9753656183, "c2": 4.2212923221, "Mu2Tilde": 414.1389557947, "Mu11": 109.7071357143, "Mu11Prime": 406.2613666425}