{"c0Prime": 0.39685899999999996, "c1": 4.3502, "c0": 0.2742, "k": 48023.6955, "zL": 37.1974, "Mu1": 898.5618, "c2": 2.538, "Mu11Prime": 1.0495743881131583, "Mu2Tilde": 692.7398, "Mu11": 21930183.986798927}