{"k": 6695917.384368289, "zL": 154.4791949213, "c0": 0.7682532112, "c0Prime": 0.1410921863, "c1": 4.2051093069, "Mu1": 344.2738869598, "c2": 1.8661504553, "Mu2Tilde": 272.1630100967, "Mu11": 367.1710533204, "Mu11Prime": 799.4932785945}