{"Mu11": 248.3237, "k": 167340.8113, "Mu11Prime": 91.7598, "Mu2Tilde": 2592.911404653815, "Mu1": 0.01006234927139545, "c0": 1.0736, "c2": 0.3416, "zL": 41.702, "c0Prime": 1.0893, "c1": 4.9482}