{"Mu11": 198.0568, "k": 321457.7159, "Mu11Prime": 161.4265, "Mu2Tilde": 42044.064851452065, "Mu1": 1.0320324033987266e-08, "c0": 0.9912, "c2": 4.0345, "zL": 90.7554, "c0Prime": 0.728, "c1": 7.2513}