{"c1": 4.3595, "c0": 0.22931865598167525, "k": 45574.3351, "zL": 35.3641, "Mu1": 575.6051, "c2": 6.1817, "Mu11": 13472367.517939877, "Mu11Prime": 0.6353875825152854, "Mu2Tilde": 742.802, "c0Prime": 0.3497}