{"c0": 0.3944422623159096, "Mu1": 123.28493062901835, "Mu2Tilde": 184.41325487653808, "zL": 62.618638292799154, "c1": 1.2363840785194233, "c0Prime": 0.696537422738712, "k": 190969.04533676922, "c2": 7.4303933282774715, "Mu11": 69.84276579870868, "Mu11Prime": 0.1514632273177272}