{"k": 9620862.3923, "c0": 0.513, "Mu1": 1.0240503446349877e-34, "Mu11Prime": 517.1729, "c2": -4.862, "c0Prime": 0.5289, "zL": 810.1478, "Mu11": 126.8435, "c1": 13.6746, "Mu2Tilde": 2.587027201081054e-10}