{"c0": 0.44689224822262114, "Mu1": 173.87880963302493, "Mu2Tilde": 73.01012261317653, "zL": 126.61044598621446, "c1": 0.9182063985763743, "c0Prime": 0.630792498543184, "k": 852568.1004422791, "c2": -1.7781037040560026, "Mu11": 33.72788671961293, "Mu11Prime": 5469.737084706558}