{"k": 8442437.1368, "c0": 0.6799, "Mu1": 1.2968144677659308e-65, "Mu11Prime": 19.8401, "c2": 11.4587, "c0Prime": 0.0515, "zL": 856.2414, "Mu11": 248.9602, "c1": 24.3998, "Mu2Tilde": 15034.979728906528}