{"k": 1686320.3587462134, "zL": 907.3129980760549, "c0": 0.40695511392539957, "c1": 0.4784365039429682, "c2": 0.5952648514159814, "c0Prime": 0.7318587802412556, "Mu1": 25.625627855044925, "Mu11": 12.519765369013587, "Mu11Prime": 16.302010500724137, "Mu2Tilde": 12.099764737282795}