{"Mu2Tilde": 848.6431022408059, "c0": 0.15304569457097755, "Mu11Prime": 765361.5675483823, "zL": 27.853932698254354, "c1": 3.1540735854872053, "c0Prime": 0.0010696116497395968, "c2": -3.638836277054179, "Mu1": 792.014949594721, "Mu11": 178179.3330181588, "k": 90106.52685423922}