{"c2": 6.792573114440727, "Mu1": 960.1543501454373, "Mu2Tilde": 907.9401673241781, "k": 118894.00053651069, "zL": 70.26462657041048, "c0Prime": 0.4342249649696359, "c0": 0.39574106183705016, "c1": 4.298046836283716}