{"Mu11": 905.5214, "k": 240128.9892, "Mu11Prime": 931.1072, "Mu2Tilde": 9.569888988055687e-15, "Mu1": 7.258872085126076e-11, "c0": 0.1522, "c2": -8.8965, "zL": 150.0118, "c0Prime": 0.1582, "c1": 7.1584}