{"k": 3863246.7408, "c0": 0.3783, "Mu1": 1.9723696504007676e-32, "Mu11Prime": 1689.2138, "c2": 9.5771, "c0Prime": 0.4647, "zL": 986.2306, "Mu11": 1512.4332, "c1": 12.7664, "Mu2Tilde": 3277744.70548037}