{"k": 3845143.324942433, "zL": 1529.6633205912, "c0": 0.3390628075, "c0Prime": 0.129182476, "c1": 3.3676740048, "Mu1": 882.631168856, "c2": -2.8893480599, "Mu2Tilde": 348.7006737574, "Mu11": 738.7734893031, "Mu11Prime": 492.0591604493}