{"Mu1": 639.1035863995573,"Mu2Tilde": 357.77184902587936,"c0": 0.0033327807557350124,"c0Prime": 0.12819554260809496,"c1": 2.128776971155386,"c2": -3.6911529608314186,"k": 65005.82230528121,"zL": 34.8396375429526}
