{"Mu11": 933.3653, "k": 218027.8146, "Mu11Prime": 725.0245, "Mu2Tilde": 3.2042673809735487e-12, "Mu1": 4.4491912180321835e-07, "c0": 0.6789, "c2": -8.6371, "zL": 76.2059, "c0Prime": 0.4061, "c1": 6.6992}