{"Mu2Tilde": 361.76198914145533, "c0": 0.0036119866213081054, "Mu11Prime": 781102.6156850775, "zL": 35.475572141873776, "c1": 2.1117653296266057, "c0Prime": 0.1307178489615757, "c2": -3.731478947494975, "Mu1": 616.3917399914058, "Mu11": 12109.88848980985, "k": 69611.15179596367}