{"c2": 6.795361756747867, "Mu1": 971.3244564210037, "Mu2Tilde": 911.3465414446187, "k": 118391.39662532121, "zL": 70.09219235250748, "c0Prime": 0.43876365263416095, "c0": 0.3948538313722264, "c1": 4.328553179436758}