{"Mu11": 554.3345, "k": 550081.5126, "Mu11Prime": 108.516, "Mu2Tilde": 5.088018274752466e-13, "Mu1": 162.44210633279513, "c0": 0.8656, "c2": -7.9847, "zL": 100.8053, "c0Prime": 0.1528, "c1": 2.0037}