{"Mu11": 886.6952, "k": 242320.2347, "Mu11Prime": 850.6853, "Mu2Tilde": 1021562.1251977243, "Mu1": 389.6551009213081, "c0": 0.4293, "c2": 5.8767, "zL": 140.0974, "c0Prime": 0.1052, "c1": 1.4218}