{"Mu11": 595.2295, "k": 811677.2558, "Mu11Prime": 910.2909, "Mu2Tilde": 1.8620860180822833e-06, "Mu1": 0.00013149624422320615, "c0": 0.6831, "c2": -5.0105, "zL": 117.9271, "c0Prime": 0.6468, "c1": 4.8336}