{"Mu2Tilde": 359.60906976559403, "c0": 0.0033007810331069014, "Mu11Prime": 545839.5648440084, "zL": 35.59770312736844, "c1": 2.1040683652107637, "c0Prime": 0.1381111819349126, "c2": -3.627191889159075, "Mu1": 627.8795417736253, "Mu11": 12030.415515092818, "k": 67599.22968633077}