{"c2": 6.8544309941762895, "c0Prime": 0.4423137681990775, "Mu2Tilde": 887.002862840043, "k": 116891.80855673179, "zL": 69.50659129834536, "Mu1": 987.7830626678533, "c0": 0.3932464012171575, "c1": 4.261342158946646}