{"k": 8358921.4652, "c0": 0.4761, "Mu1": 2.177677193610431e-59, "Mu11Prime": 841.3033, "c2": -8.0736, "c0Prime": 0.3641, "zL": 945.7492, "Mu11": 175.6634, "c1": 21.7145, "Mu2Tilde": 5.591629470057124e-20}