{"k": 7676553.9189, "c0": 0.5627, "Mu1": 7.345244149269867e-52, "Mu11Prime": 1090.2901, "c2": 23.9326, "c0Prime": 0.7422, "zL": 892.3673, "Mu11": 1809.6951, "c1": 19.7616, "Mu2Tilde": 2046508.6777322604}