{"k": 2094728.1825, "c0": 0.4174, "Mu1": 3.621378976645782e-37, "Mu11Prime": 363.8392, "c2": -9.7349, "c0Prime": 0.3657, "zL": 532.9511, "Mu11": 1037.6239, "c1": 15.7093, "Mu2Tilde": 8.175384823122963e-23}