{"k": 100799.18216150704, "zL": 37.88061137695315, "c0": 0.27755, "c1": 0.046854492187499985, "c2": -0.6523, "c0Prime": 0.4582, "Mu1": 13.307949993001245, "Mu11": 0.1462595143114094, "Mu11Prime": 0.10328749999999999, "Mu2Tilde": 0.8928875000000001}