{"k": 5883797.4251, "c0": 0.6667, "Mu1": 3695.4075472520076, "Mu11Prime": 564.1282, "c2": -7.4119, "c0Prime": 0.4956, "zL": 906.8585, "Mu11": 251.3588, "c1": 0.8277, "Mu2Tilde": 1.5031020461833747e-18}