{"k": 1669140.9610946516, "zL": 855.9054848770568, "c0": 0.3907952524891232, "c1": 0.4695693078220275, "c2": 0.5684985525105134, "c0Prime": 0.7508674091533438, "Mu1": 23.85076872364109, "Mu11": 12.872725774353484, "Mu11Prime": 17.810263355781025, "Mu2Tilde": 13.307232542930251}