{"Mu2Tilde": 362.5747628549229, "c0": 0.003403869952452093, "Mu11Prime": 335318.83435049833, "zL": 35.80223678156419, "c1": 2.1112299576355493, "c0Prime": 0.12697186597103674, "c2": -3.4755528028630143, "Mu1": 686.4873700598099, "Mu11": 13606.773333046225, "k": 67492.07054831219}