{"c1": 171513823955005.34, "c0": 0.2244, "k": 53905.0759, "zL": 35.9033, "Mu1": -13077.4812, "c2": 3.9041, "Mu11": -1.734091289669915e+144, "Mu11Prime": 0.9375055952016349, "Mu2Tilde": 858.2731, "c0Prime": 0.3413}