{
	"Higgs":1.7169007368478673e4,
	"ThetaHiggs":1.4224012033273975e-8,
	"Mu11":0.21630918288339834,
	"Mu11Prime":2.571841351253773
}