{
	"Higgs":1.2475167534053571e2,
	"mTop":1.7056438053970524e2,
	"mBottom":4.214955752730913,
	"mTau":1.403704858994956,
	"mNeutrino":9.923268921386796e-2,
	"mPsiDark":2.0437626127720562e3,
	"ThetaHiggs":0.14948062392029834,
	"mWpm":7.966875759795455e1,
	"mZ0":9.086180442938861e1,
	"mZprime":9.389499634648326e3,
	"Triviality":0
}