{
    "Higgs": 374.8843931287615,
    "mTop": 772.5983631080931,
    "mBottom": 773.7212377304083,
    "mTau": 171364.4741485244,
    "mNeutrino": 0.3317942235500766,
    "mPsiDark": 2185.716157697144,
    "ThetaHiggs": 0.7967917041798326,
    "mWpm": 280.6757575769947,
    "mZ0": 320.1092443505878,
    "Mu11": 335318.8343504983,
    "Mu11Prime": 13606.77333304623,
    "mZprime": 6896.814845334134
}