{
	"mWpm":2.9139128299105425e2,
	"mTop":6.420088201906821e2,
	"mZ0":3.3233024545423024e2,
	"mZprime":9.428743159344696e3,
	"mPsiDark":1.8832206087582626e3,
	"mTau":8.083011388376785e2,
	"mBottom":1.6458979730697465e1,
	"Higgs":3.878811312261947e2,
	"ThetaHiggs":0.5678213475055953,
	"mNeutrino":1.5330560609987527,
	"Triviality":0
}