{
    "Higgs": 138.662,
    "mTop": 186.87,
    "mBottom": 4.00817,
    "mTau": 1.93959,
    "mNeutrino": 0.0757042,
    "mPsiDark": 996.234,
    "ThetaHiggs": 0.301011,
    "mWpm": 84.082,
    "mZ0": 95.8951
}