{
	"Higgs":0.0,
	"ThetaHiggs":0.0,
	"Mu11":0.17619695672281618,
	"Mu11Prime":2.461253143981079e8
}