{
	"Higgs":1.2755222892617961e2,
	"mTop":1.7469584564006257e2,
	"mBottom":4.285512635422933,
	"mTau":1.4231432426591215,
	"mNeutrino":0.10494141901554406,
	"mPsiDark":2.0316571933743091e3,
	"ThetaHiggs":0.1539033626371367,
	"mWpm":8.140845805273472e1,
	"mZ0":9.284592376617631e1,
	"Mu11":0.10704955778708072,
	"Mu11Prime":0.10773385134481825,
	"mZprime":9.34261604456344e3
}