{
	"mWpm":7.8943751409748e-5,
	"mTop":7.727172531169726e3,
	"mZ0":9.003493863570625e-5,
	"mZprime":2.7041492587936715e4,
	"mPsiDark":1.4375679217460002e-4,
	"mTau":6.165949952063897e3,
	"mBottom":3.632847063223073e2,
	"mTauTow":1.6007354087859538e4,
	"mBottomTow":7.727172531169726e3,
	"Higgs":1.687899817800674e3,
	"ThetaHiggs":3.1415926045032707,
	"mNeutrino":2.0210653178569348e2,
	"Triviality":0
}