{
	"mWpm":7.638760404911328e-7,
	"mTop":3.5835553499857956e3,
	"mZ0":8.711966584148544e-7,
	"mZprime":1.508956875758756e-6,
	"mPsiDark":3.44147265245164e-6,
	"mTau":3.2282732520374293e3,
	"mBottom":3.5835553499857956e3,
	"Higgs":8.560347957422426e3,
	"ThetaHiggs":3.1415926386546693,
	"mNeutrino":1.4443498014312913e3,
	"Triviality":0
}