{
	"Higgs":1.2282950153382097e2,
	"mTop":1.6624863585068346e2,
	"mBottom":4.355858084798257,
	"mTau":1.8637468708345344,
	"mNeutrino":0.17931543380584092,
	"mPsiDark":6.361366965163646e2,
	"ThetaHiggs":0.4690754634364701,
	"mWpm":8.024415749587081e1,
	"mZ0":9.151804502569608e1,
	"mZprime":3.1947300851506293e3,
	"Triviality":0
}