{
	"Higgs":5.425162071336172e3,
	"ThetaHiggs":-1.5033515729298506e-8,
	"Mu11":2.0908445653474625e7,
	"Mu11Prime":0.2363666457645835
}