{
	"mWpm":7.910472083518972e1,
	"mTop":1.8314991052215612e2,
	"mZ0":9.021852342972811e1,
	"mZprime":9.789731513379798e3,
	"mPsiDark":2.3473575597967797e3,
	"mTau":1.4202701801518844,
	"mBottom":3.930249432424178,
	"Higgs":1.495523580391314e2,
	"ThetaHiggs":0.1479269893979565,
	"mNeutrino":9.372821964745211e-2,
	"Triviality":0
}