{
    "Higgs": 131.7889114758056,
    "mTop": 184.1463404177217,
    "mBottom": 4.284657308093978,
    "mTau": 184.8518409874363,
    "mNeutrino": 0.0183321081422229,
    "mPsiDark": 2588.033412968759,
    "ThetaHiggs": 0.1917222425677703,
    "mWpm": 74.87123370607523,
    "mZ0": 85.39025333769129,
    "mZprime": 6879.075830091649
}