{
    "Higgs": 144.5886440343138,
    "mTop": 166.678067844794,
    "mBottom": 169.0366301572885,
    "mTau": 0.3782060133282877,
    "mNeutrino": 0.02502397027223877,
    "mPsiDark": 5099.388135042002,
    "ThetaHiggs": 0.1020570936815764,
    "mWpm": 77.90090536404497,
    "mZ0": 88.84557813465757,
    "Mu11": 765361.5675483823,
    "Mu11Prime": 178179.3330181588,
    "mZprime": 12020.00131844662
}