{
	"mWpm":1.3481021553711418e-6,
	"mTop":2.162963259171569e3,
	"mZ0":1.537503509346992e-6,
	"mZprime":6.2881393525603735e3,
	"mPsiDark":1.2273943780754853e-6,
	"mTau":2.115474100726267e3,
	"mBottom":2.162963259171569e3,
	"Higgs":4.01627408072495e3,
	"ThetaHiggs":3.1415926360998325,
	"mNeutrino":4.3279939855665657e2,
	"Triviality":0
}