{
    "Higgs": 124.553,
    "mTop": 163.084,
    "mBottom": 0.0226752,
    "mTau": 1.67964,
    "mNeutrino": 0.0426632,
    "mPsiDark": 1052.99,
    "ThetaHiggs": 0.259431,
    "mWpm": 70.7131,
    "mZ0": 80.6479
}