{
	"Higgs":8.742534200763173e3,
	"mTop":5.703853173401962e-5,
	"mBottom":1.3820756947190153e-6,
	"mTau":3.985987990063647e-7,
	"mNeutrino":1.1927730644078876e-12,
	"mPsiDark":7.526776846866157e3,
	"ThetaHiggs":2.5604059229177027e-8,
	"mWpm":1.118123609169846e-5,
	"mZ0":1.2752141713689919e-5,
	"Mu11":1.108295225093587e2,
	"Mu11Prime":0.3658225969502257,
	"mZprime":2.236428984668168e4
}