{
    "Higgs": 20711.8,
    "mTop": -0.0757497,
    "mBottom": 2.09037e-7,
    "mTau": 8.88159e-8,
    "mNeutrino": 0.00278335,
    "mPsiDark": 7321.0,
    "ThetaHiggs": 1.5396e-8,
    "mWpm": 8.33168e-6,
    "mZ0": 9.50224e-6,
    "Mu11": 1.10714e9,
    "Mu11Prime": 2.2097
}