{
	"Higgs":1.7037180799062662e3,
	"mTop":-1.3943535874524247e-3,
	"mBottom":2.3055806466258383e-7,
	"mTau":9.511347528807645e-6,
	"mNeutrino":9.502423975770095e-10,
	"mPsiDark":1.472997239845858e3,
	"ThetaHiggs":2.8002954485870997e-8,
	"mWpm":4.5638145074344996e-6,
	"mZ0":5.205006752071738e-6,
	"Mu11":6.0499139446092835e4,
	"Mu11Prime":8.588240268879733
}