{
    "Higgs": 130.144,
    "mTop": 175.485,
    "mBottom": 0.0,
    "mTau": 1.80736,
    "mNeutrino": 0.0443629,
    "mPsiDark": 1046.49,
    "ThetaHiggs": 0.280561,
    "mWpm": 76.6806,
    "mZ0": 87.4539
}