{
    "Higgs": 175.536,
    "mTop": 209.325,
    "mBottom": 5.15768,
    "mTau": 2.21833,
    "mNeutrino": 0.149276,
    "mPsiDark": 702.99
}