{
	"mWpm":6.528742562081947e3,
	"mTop":1.7234782757707176e3,
	"mZ0":7.445996997208675e3,
	"mZprime":1.0636489372658036e4,
	"mPsiDark":2.8028654712488203e-6,
	"mTau":1.6719409403579225e3,
	"mBottom":1.7234782757707176e3,
	"mTauTow":4.581077771904298e3,
	"mBottomTow":4.158434330710161e3,
	"Higgs":3.73614716042498e3,
	"ThetaHiggs":3.1415926363651807,
	"mNeutrino":2.999445168709823e3,
	"Triviality":0,
	"HiggsTrilin":1.1706225407390873e-4,
	"TopYukawa":-0.9913292142098232
}