{
	"Higgs":1.6011060594103446e2,
	"mTop":1.3754264371627377e2,
	"mBottom":3.3340770745420123,
	"mTau":1.3754264371627377e2,
	"mNeutrino":0.32413114628756384,
	"mPsiDark":8.027926020533589e2,
	"ThetaHiggs":0.26625494203678235,
	"mWpm":6.501528825376629e1,
	"mZ0":7.414959871780037e1,
	"Mu11":1.8457786091662237e8,
	"Mu11Prime":7.533639570212426e1
}