{
	"Higgs":7.803162460369165e3,
	"ThetaHiggs":-2.283622400384862e-9,
	"Mu11":2.28880889682413e8,
	"Mu11Prime":2.5746182575177702e1
}