{
	"Higgs":0.0,
	"mTop":0.0,
	"mBottom":0.0,
	"mTau":0.0,
	"mNeutrino":0.0,
	"mPsiDark":0.0,
	"ThetaHiggs":0.0,
	"mWpm":0.0,
	"mZ0":0.0,
	"Mu11":4.2725938425560005e10,
	"Mu11Prime":0.3716392306692844,
	"mZprime":0.0
}