{
    "Higgs": 375.3525897156976,
    "mTop": 775.5491719421461,
    "mBottom": 776.8149707627679,
    "mTau": 0.3338696530631066,
    "mNeutrino": 0.3312114549876037,
    "mPsiDark": 2210.552862185613,
    "ThetaHiggs": 0.7925122478802238,
    "mWpm": 283.3386048144712,
    "mZ0": 323.1462078004,
    "Mu11": 317281.0148662783,
    "Mu11Prime": 13773.46191168028,
    "mZprime": 6960.473199706596
}