{
	"mWpm":4.938114061662333e-7,
	"mTop":1.306535292666379e3,
	"mZ0":5.631893450442066e-7,
	"mZprime":9.754725598980052e-7,
	"mPsiDark":1.4245226332422911e-6,
	"mTau":1.1936736476451947e3,
	"mBottom":1.306535292666379e3,
	"mTauTow":3.6479166818380672e3,
	"mBottomTow":3.429874004682967e3,
	"Higgs":3.4153204236295287e3,
	"ThetaHiggs":3.1415926398069667,
	"mNeutrino":3.289754103903269e3,
	"Triviality":0,
	"HiggsTrilin":1.3125212896362612e-4,
	"TopYukawa":-0.9913292142098232
}