{
	"mWpm":4.781878360795737e2,
	"mTop":1.1309159053778794e3,
	"mZ0":5.453707444722384e2,
	"mZprime":3.0052470694480253e4,
	"mPsiDark":5.575548403352385e3,
	"mTau":8.254571939038372e1,
	"mBottom":4.051462962981361e1,
	"mTauTow":3.101140463714261e3,
	"mBottomTow":9.288280425584224e3,
	"Higgs":5.085162414047676e2,
	"ThetaHiggs":0.28746003173419765,
	"mNeutrino":2.4738276623138766,
	"Triviality":0
}