{
	"Higgs":1.134671347440479e4,
	"ThetaHiggs":3.1415925977907535,
	"Mu11":2.3961776356646866e7,
	"Mu11Prime":0.8745178502532056
}