{
    "Higgs": 124.402,
    "mTop": 166.582,
    "mBottom": 4.05119,
    "mTau": 1.7127,
    "mNeutrino": 0.0638143,
    "mPsiDark": 928.86,
    "ThetaHiggs": 0.280799,
    "mWpm": 77.8582,
    "mZ0": 88.7968
}