{
    "Higgs": 1274.65,
    "mTop": 3.24097e-6,
    "mBottom": 0.00128001,
    "mTau": 3.33795e-8,
    "mNeutrino": 1.09928e-15,
    "mPsiDark": 1431.95,
    "ThetaHiggs": 7.53405e-9
}