{
	"Higgs":1.7434798899507874e2,
	"mTop":1.5504516464129895e2,
	"mBottom":3.7583437033207465,
	"mTau":1.550451646412989e2,
	"mNeutrino":0.41474137613210743,
	"mPsiDark":8.036733295175661e2,
	"ThetaHiggs":0.30373909191372644,
	"mWpm":7.10518201071559e1,
	"mZ0":8.10342319571236e1,
	"Mu11":2.3541851004525927e8,
	"Mu11Prime":7.685511410499397e1
}