{
	"mWpm":1.2147886494581041e-5,
	"mTop":2.6011856966676687e-5,
	"mZ0":1.3854601479681826e-5,
	"mZprime":2.7333021537838278e4,
	"mPsiDark":5.485653114537445e3,
	"mTau":2.386569650125623e3,
	"mBottom":1.6173797203948854e-6,
	"mTauTow":1.928717997877829e4,
	"mBottomTow":8.137108874566771e3,
	"Higgs":1.5558444797642367e3,
	"ThetaHiggs":7.692955782043756e-9,
	"mNeutrino":1.9491679492078184e-15,
	"Triviality":0
}