{
	"Higgs":1.434543671183168e2,
	"mTop":1.1997369224387798e2,
	"mBottom":2.9082001483380298,
	"mTau":1.1997369224387796e2,
	"mNeutrino":0.22646437003553374,
	"mPsiDark":8.538923006034236e2,
	"ThetaHiggs":0.22670684693817536,
	"mWpm":5.5676136551746836e1,
	"mZ0":6.3498344687110304e1,
	"Mu11":1.5116991272529355e8,
	"Mu11Prime":7.609446865043448e1
}