{
	"mWpm":2.578611818181862e-5,
	"mTop":6.806668031176358e3,
	"mZ0":2.9408933914260766e-5,
	"mZprime":2.217443757027518e4,
	"mPsiDark":4.8912592788485374e-5,
	"mTau":6.259716193471567e3,
	"mBottom":3.914840685920564e2,
	"mTauTow":1.2628839653015255e4,
	"mBottomTow":6.8066680311763575e3,
	"Higgs":1.3851088313786765e3,
	"ThetaHiggs":3.14159263307812,
	"mNeutrino":1.3324391332621516e2,
	"Triviality":0
}