{
	"Higgs":0.0,
	"mTop":0.0,
	"mBottom":0.0,
	"mTau":0.0,
	"mNeutrino":0.0,
	"mPsiDark":0.0,
	"ThetaHiggs":0.0,
	"mWpm":0.0,
	"mZ0":0.0,
	"Mu11":6.598004093978539e6,
	"Mu11Prime":6.212580205082193e10,
	"mZprime":0.0
}