{
    "Higgs": 123.741,
    "mTop": 172.477,
    "mBottom": 4.18551,
    "mTau": 1.77522,
    "mNeutrino": 0.0563814,
    "mPsiDark": 910.585,
    "ThetaHiggs": 0.302289,
    "mWpm": 79.015,
    "mZ0": 90.1162
}