{
    "Higgs": 1127.718373562625,
    "mTop": 2215.572324748068,
    "mBottom": 2215.572471639107,
    "mTau": 80.58244554055742,
    "mNeutrino": 1981.601422787408,
    "mPsiDark": 190.7094920045994,
    "ThetaHiggs": 3.390431886088976,
    "mWpm": 55.98972223018871,
    "mZ0": 63.855987525351,
    "mZprime": 11286.72464643701
}