{
	"Higgs":1.2475168086641564e2,
	"mTop":1.705643860772701e2,
	"mBottom":4.214955889353395,
	"mTau":1.4037049001724717,
	"mNeutrino":9.923269565727028e-2,
	"mPsiDark":2.0437626123058017e3,
	"ThetaHiggs":0.1494806287756314,
	"mWpm":7.966876016704691e1,
	"mZ0":9.086180735942511e1,
	"mZprime":9.389499634445305e3,
	"Triviality":0
}