{
    "Higgs": 145.433,
    "mTop": 169.228,
    "mBottom": 4.15609,
    "mTau": 1.7717,
    "mNeutrino": 0.0973381,
    "mPsiDark": 708.597
}