{
    "Higgs": 1617.6,
    "mTop": 1.24522e-5,
    "mBottom": 0.00297589,
    "mTau": 1.28249e-7,
    "mNeutrino": 2.74638e-14,
    "mPsiDark": 1669.07,
    "ThetaHiggs": 2.05764e-8
}