{
	"Higgs":0.0,
	"mTop":0.0,
	"mBottom":0.0,
	"mTau":0.0,
	"mNeutrino":0.0,
	"mPsiDark":0.0,
	"ThetaHiggs":0.0,
	"mWpm":0.0,
	"mZ0":0.0,
	"Mu11":4.579793701575047e7,
	"Mu11Prime":8.412840650711371e7,
	"mZprime":0.0
}