{
    "Higgs": 369.6446019272187,
    "mTop": 762.4384745647816,
    "mBottom": 764.8568453903302,
    "mTau": 13.27171855809097,
    "mNeutrino": 0.3176223762989346,
    "mPsiDark": 2221.401719239485,
    "ThetaHiggs": 0.7789445377542932,
    "mWpm": 280.6643361305428,
    "mZ0": 320.0962182502054,
    "Mu11": 218035.9372226348,
    "Mu11Prime": 12930.71328264464,
    "mZprime": 6962.945139236803
}