{
    "Higgs": 369.1607962927484,
    "mTop": 757.307460579467,
    "mBottom": 757.7776552350822,
    "mTau": 1058.590848397951,
    "mNeutrino": 0.3218701401276812,
    "mPsiDark": 2136.97261397132,
    "ThetaHiggs": 0.7980145349736091,
    "mWpm": 273.7096962279845,
    "mZ0": 312.1644875472867,
    "mZprime": 6750.350246957866
}