{
	"Higgs":9.867473091713768e3,
	"ThetaHiggs":3.141592635486477,
	"Mu11":1.7804996810002998e5,
	"Mu11Prime":1.2716136430611285e5
}