{
	"Higgs":2.1050903818933747e2,
	"mTop":2.086728045197528e2,
	"mBottom":5.058294611995863,
	"mTau":2.086728045197528e2,
	"mNeutrino":0.7262993097989862,
	"mPsiDark":7.682013113032866e2,
	"ThetaHiggs":0.40457290191043577,
	"mWpm":9.724666010512388e1,
	"mZ0":1.1090931098076837e2,
	"Mu11":1.3834188990051106e8,
	"Mu11Prime":7.310297414800384e1
}