{
    "Higgs": 124.63,
    "mTop": 141.859,
    "mBottom": 3.46365,
    "mTau": 1.47199,
    "mNeutrino": 0.0686422,
    "mPsiDark": 708.736
}