{
    "Higgs": 127.76,
    "mTop": 146.014,
    "mBottom": 3.60183,
    "mTau": 1.52437,
    "mNeutrino": 0.0724601,
    "mPsiDark": 709.352
}