{
	"Higgs":2.795586101696991e3,
	"mTop":0.0,
	"mBottom":0.0,
	"mTau":0.0,
	"mNeutrino":0.0,
	"mPsiDark":2.330417414823123e3,
	"ThetaHiggs":0.0,
	"mWpm":0.0,
	"mZ0":0.0,
	"Mu11":1.8633001133158304e7,
	"Mu11Prime":2.0701817174187973e1
}