{
    "Higgs": 374.7709292383528,
    "mTop": 678.891195548125,
    "mBottom": 679.0100348614562,
    "mTau": 1010.945337531612,
    "mNeutrino": 0.3358230959821364,
    "mPsiDark": 1760.449625227982,
    "ThetaHiggs": 0.8492076361283807,
    "mWpm": 212.9956272746066,
    "mZ0": 242.9204071112205,
    "mZprime": 5693.341882987546
}