{
	"mWpm":9.677909174110913e-6,
	"mTop":9.66881078528174e3,
	"mZ0":1.1037605168905364e-5,
	"mZprime":2.8867942609019636e4,
	"mPsiDark":1.8879326690345356e-5,
	"mTau":9.016447372733362e3,
	"mBottom":7.382499579698311e2,
	"mTauTow":1.5627689058235232e4,
	"mBottomTow":9.668810785281736e3,
	"Higgs":2.139783678754672e3,
	"ThetaHiggs":3.141592647592593,
	"mNeutrino":1.9066567745123342e2,
	"Triviality":0
}