{
	"Higgs":4.774342367186375e4,
	"ThetaHiggs":5.100779480950175e-10,
	"Mu11":6.183582356223888e1,
	"Mu11Prime":1.1580716682570035e3
}