{
    "Higgs": 129.703291896375,
    "mTop": 155.0933519360385,
    "mBottom": 164.4487009603288,
    "mTau": 0.5673291210949502,
    "mNeutrino": 0.0180703352019354,
    "mPsiDark": 5310.495992275983,
    "ThetaHiggs": 0.09110669980289528,
    "mWpm": 75.68186804018293,
    "mZ0": 86.31477758722386,
    "Mu11": 399621.0377442617,
    "Mu11Prime": 152340.8054435519,
    "mZprime": 12472.98973000676
}