{
	"Higgs":1.3376225591524139e4,
	"ThetaHiggs":1.666440377084309e-8,
	"Mu11":8.829919280840436,
	"Mu11Prime":7.5727868960112705e9
}