{
    "Higgs": 161.797,
    "mTop": 191.129,
    "mBottom": 4.67925,
    "mTau": 2.02713,
    "mNeutrino": 0.124429,
    "mPsiDark": 707.146
}