{
	"mWpm":1.1671905778842332e-4,
	"mTop":8.171867846721707e3,
	"mZ0":1.3311747944499782e-4,
	"mZprime":2.9051808702233993e4,
	"mPsiDark":1.7291147974920595e-4,
	"mTau":7.796501776217519e3,
	"mBottom":8.601501970746807e2,
	"mTauTow":1.732221093193814e4,
	"mBottomTow":8.171867846721707e3,
	"Higgs":1.297108402052361e3,
	"ThetaHiggs":3.1415925849997732,
	"mNeutrino":2.51574108091951e2,
	"Triviality":0
}