{
	"mWpm":5.555055101228638e-6,
	"mTop":4.608435378665784e3,
	"mZ0":6.335511503134988e-6,
	"mZprime":2.7855001498243837e4,
	"mPsiDark":1.2373616068438627e-5,
	"mTau":4.356418089800665e3,
	"mBottom":4.608435378665784e3,
	"Higgs":1.1855743022329985e4,
	"ThetaHiggs":3.1415926360032955,
	"mNeutrino":1.1674688839576695e5,
	"Triviality":0
}