{
    "Higgs": 309.503,
    "mTop": 398.852,
    "mBottom": 9.6683,
    "mTau": 4.10787,
    "mNeutrino": 1.40325,
    "mPsiDark": 1035.56,
    "ThetaHiggs": 0.53755
}