{
	"mWpm":8.009742670856012e-6,
	"mTop":7.207461981696649e3,
	"mZ0":9.135069932454087e-6,
	"mZprime":2.4714537515167733e4,
	"mPsiDark":1.282563899868526e-5,
	"mTau":6.639150879949235e3,
	"mBottom":2.2527267705915287e2,
	"mTauTow":1.4455820154773855e4,
	"mBottomTow":7.207461981696648e3,
	"Higgs":1.2118664147423335e3,
	"ThetaHiggs":3.1415926478340825,
	"mNeutrino":1.8886745796324357e2,
	"Triviality":0
}