{
    "Higgs": 16609.6,
    "mTop": 0.000217577,
    "mBottom": 0.000199021,
    "mTau": 0.000193296,
    "mNeutrino": 1.79307e-15,
    "mPsiDark": 32725.9
}