{
	"mWpm":7.910474873515511e1,
	"mTop":1.8314997555703607e2,
	"mZ0":9.021855524949379e1,
	"mZprime":9.789731511293608e3,
	"mPsiDark":2.3473575536845747e3,
	"mTau":1.4202706504899225,
	"mBottom":3.9302508257214566,
	"Higgs":1.4955243090606768e2,
	"ThetaHiggs":0.1479270419432542,
	"mNeutrino":9.372828621155338e-2,
	"Triviality":0
}