{
	"mWpm":2.2316662319120915e-5,
	"mTop":4.989300672628841e-5,
	"mZ0":2.545203751500113e-5,
	"mZprime":2.44559658942906e4,
	"mPsiDark":5.778936745926004e3,
	"mTau":1.6344723237283645e3,
	"mBottom":4.609005069758892e-7,
	"mTauTow":1.7841616680752897e4,
	"mBottomTow":7.413583189519784e3,
	"Higgs":1.7598252560977658e3,
	"ThetaHiggs":1.5954703882058535e-8,
	"mNeutrino":5.6469810654969294e-15,
	"Triviality":0
}