{
	"Higgs":0.0,
	"mTop":0.0,
	"mBottom":0.0,
	"mTau":0.0,
	"mNeutrino":0.0,
	"mPsiDark":0.0,
	"ThetaHiggs":0.0,
	"mWpm":0.0,
	"mZ0":0.0,
	"Mu11":7.0774663926446295e9,
	"Mu11Prime":0.1777263518093603,
	"mZprime":0.0
}