{
	"Higgs":9.418307281357062e2,
	"mTop":7.584614119147296e3,
	"mBottom":6.485061021521689e-8,
	"mTau":2.0752195268869404e-6,
	"mNeutrino":1.9622080752002168e2,
	"mPsiDark":2.050952530428192e3,
	"ThetaHiggs":2.0675955056221576e-9,
	"mWpm":7.491466667538364e3,
	"mZ0":8.543978841369943e3,
	"Mu11":0.108,
	"Mu11Prime":0.108,
	"mZprime":1.115624788537249e4
}