{
    "Higgs": 131.666,
    "mTop": 177.082,
    "mBottom": 4.29252,
    "mTau": 1.82381,
    "mNeutrino": 0.0799121,
    "mPsiDark": 915.687,
    "ThetaHiggs": 0.300363,
    "mWpm": 82.2689,
    "mZ0": 93.8273
}