{
    "Higgs": 421.682,
    "mTop": 2.17497e-9,
    "mBottom": 0.00802015,
    "mTau": 8.1703e-11,
    "mNeutrino": 1.52593e-16,
    "mPsiDark": 21.4883
}