{
	"Higgs":3.3056078207113785e1,
	"mTop":2.0534707827644898e1,
	"mBottom":0.4977677958684508,
	"mTau":2.0534707827644894e1,
	"mNeutrino":7.304314440575626e-3,
	"mPsiDark":8.387332190140188e2,
	"ThetaHiggs":3.971421483583215e-2,
	"mWpm":9.815948430565271,
	"mZ0":1.1195038224242179e1,
	"Mu11":1.6179674329295322e8,
	"Mu11Prime":7.501721403881062e1
}