{"k": 50821.90520188703, "zL": 37.46008727551022, "c0": 0.08010430719999997, "c1": 0.13978228556800001, "c2": -0.59886, "c0Prime": 0.528334, "Mu1": 17.33204249217836, "Mu2Tilde": 3.2376294702560005, "Mu11": 0.46012176508995073, "Mu11Prime": 0.24302000000000004, "ThetaHiggs": 0.2685729051067133}