{"k": 185507.95162039172, "zL": 34.13348644, "c0": 0.3062864408, "c1": 0.1265467837152156, "c2": -0.820008, "c0Prime": 0.6622398, "Mu1": 19.026983406125954, "Mu2Tilde": 1.509942051328, "Mu11": 0.4064029084992159, "Mu11Prime": 0.42572873139501444, "ThetaHiggs": 0.06485644772088807}