{"k": 149844.37117325043, "zL": 37.0885, "c0": 0.172488, "c1": 0.04850376000000003, "c2": -1.0191, "c0Prime": 0.5553, "Mu1": 13.8922, "Mu2Tilde": 1.0125, "Mu11": 0.44280536000000004, "Mu11Prime": 1.066394, "ThetaHiggs": 0.15681880389486766}