{"k": 150263.736968, "zL": 42.63054999999999, "c0": 0.024593280000000002, "c1": 0.214102, "c2": -0.6804, "c0Prime": 0.6133, "Mu1": 11.973, "Mu2Tilde": 3.0833069199999996, "Mu11": 0.787286485968, "Mu11Prime": 1.4933580000000002, "ThetaHiggs": 8.647096727543158e-08}