{"k": 74706.57285781568, "zL": 39.4114, "c0": 0.22726008, "c1": 0.026698058782022444, "c2": -0.5813, "c0Prime": 0.332, "Mu1": 15.37324650313565, "Mu2Tilde": 0.6528, "Mu11": 0.22854569023490076, "Mu11Prime": 0.0926, "ThetaHiggs": 0.1724586716945661}