{"k": 119504.4913, "zL": 32.552504, "c0": 0.0822, "c1": 0.173558, "c2": -0.6483, "c0Prime": 0.5656, "Mu1": 10.8381, "Mu2Tilde": 1.256686, "Mu11": 0.409376, "Mu11Prime": 1.1667, "ThetaHiggs": 2.4319885770767955e-06}