{"k": 143384.90468516177, "zL": 34.7798, "c0": 0.26480752, "c1": 0.02886127904703599, "c2": -0.8278078799999999, "c0Prime": 0.6513819999999999, "Mu1": 18.198316719934063, "Mu2Tilde": 1.931636932672, "Mu11": 0.3024474141279061, "Mu11Prime": 0.6872544944000001, "ThetaHiggs": 0.07964953408246474}