{"k": 150023.8461062523, "zL": 40.4291773152, "c0": 0.2783919896, "c1": 0.24400159519999998, "c2": -0.5982, "c0Prime": 0.5383, "Mu1": 12.210584520000001, "Mu2Tilde": 1.371696, "Mu11": 0.22649360743990982, "Mu11Prime": 0.21809600000000007, "ThetaHiggs": 0.0926243393471844}