{"k": 207427.66156193372, "zL": 34.13348644, "c0": 0.30730789812799997, "c1": 0.1265467837152156, "c2": -0.8815624000000001, "c0Prime": 0.6622398, "Mu1": 19.026983406125954, "Mu2Tilde": 1.509942051328, "Mu11": 0.24133823974421934, "Mu11Prime": 0.42572873139501444, "ThetaHiggs": 0.06663203681287824}