{"k": 224573.70519598003, "zL": 34.973683256799994, "c0": 0.2618, "c1": 0.03497230326971419, "c2": -0.6315, "c0Prime": 0.5593, "Mu1": 18.566796576190317, "Mu2Tilde": 0.6250191391999995, "Mu11": 0.1558105427868177, "Mu11Prime": 0.3026, "ThetaHiggs": 0.019313562148434375}