{"k": 214924.19409961786, "zL": 38.3958, "c0": 0.31979658655456, "c1": 0.09828893359999999, "c2": -0.996062456208, "c0Prime": 0.6828919999999999, "Mu1": 13.669715689599998, "Mu2Tilde": 2.9516038818720003, "Mu11": 0.22944008742108674, "Mu11Prime": 1.3642208312294402, "ThetaHiggs": 0.0643240706672135}