{"k": 249228.54166999998, "zL": 34.8377, "c0": 0.16423600000000002, "c1": 0.02464999999999999, "c2": -0.8422019999999999, "c0Prime": 0.5981, "Mu1": 10.909578, "Mu2Tilde": 2.148, "Mu11": 0.369396, "Mu11Prime": 1.0827, "ThetaHiggs": 0.025740209938167197}