{"k": 96259.04481738285, "zL": 32.429632006783145, "c0": 0.06617957534343683, "c1": 0.06155276129334712, "c2": -0.610998235408, "c0Prime": 0.4113914800000001, "Mu1": 13.872229946857734, "Mu2Tilde": 2.031275330593431, "Mu11": 0.3409801575768634, "Mu11Prime": 0.1395949816, "ThetaHiggs": 0.11399042999182878}