{"k": 87307.00517656, "zL": 39.324842, "c0": 0.0822, "c1": 0.173558, "c2": -0.5868466800000001, "c0Prime": 0.59398816, "Mu1": 11.072796000000002, "Mu2Tilde": 1.256686, "Mu11": 1.68029928, "Mu11Prime": 1.1667, "ThetaHiggs": 1.6783103560236157e-06}