{"k": 249228.54166999998, "zL": 34.8377, "c0": 0.16423600000000002, "c1": 0.02464999999999999, "c2": -0.9422579999999998, "c0Prime": 0.5981, "Mu1": 10.909578, "Mu2Tilde": 2.3964456216000003, "Mu11": 0.369396, "Mu11Prime": 1.25034, "ThetaHiggs": 0.03062739857050434}