{"k": 176830.13895702056, "zL": 31.777796186399996, "c0": 0.306967065168, "c1": 0.005995788685047149, "c2": -0.81777712, "c0Prime": 0.6521, "Mu1": 19.808203481763158, "Mu2Tilde": 1.3306, "Mu11": 0.18712485322302194, "Mu11Prime": 0.24234599999999995, "ThetaHiggs": 0.0732059255157975}