{"k": 49288.3965314704, "zL": 37.90417140787712, "c0": 0.4102, "c1": 0.061621999999999996, "c2": -0.5176, "c0Prime": 0.6676, "Mu1": 12.8344, "Mu2Tilde": 0.5992, "Mu11": 0.5226618841978495, "Mu11Prime": 0.5477, "ThetaHiggs": 0.06909010539274468}