{"k": 49979.856165970734, "zL": 37.46008727551022, "c0": 0.08010430719999997, "c1": 0.1314611939168, "c2": -0.59886, "c0Prime": 0.528334, "Mu1": 19.111507002976005, "Mu2Tilde": 3.2376294702560005, "Mu11": 0.4830361881785599, "Mu11Prime": 0.24302000000000004, "ThetaHiggs": 0.25921802255152115}