{"k": 75594.94590846851, "zL": 38.3958, "c0": 0.386, "c1": 0.09828893359999999, "c2": -0.996062456208, "c0Prime": 0.6828919999999999, "Mu1": 13.548143056, "Mu2Tilde": 1.0215, "Mu11": 0.21846707519999986, "Mu11Prime": 0.956, "ThetaHiggs": 0.21869819672318028}