{"k": 136894.25525149872, "zL": 35.9490669496, "c0": 0.28958557812799995, "c1": 0.12368676449809891, "c2": -0.80431072, "c0Prime": 0.6642, "Mu1": 16.387723973523816, "Mu2Tilde": 2.0782419808, "Mu11": 0.38041743317438337, "Mu11Prime": 0.6213825344, "ThetaHiggs": 0.08342162116625952}