{"k": 265548.1746866176, "zL": 34.8377, "c0": 0.16423600000000002, "c1": 0.02464999999999999, "c2": -0.9422579999999998, "c0Prime": 0.5981, "Mu1": 10.448172637824, "Mu2Tilde": 2.3964456216000003, "Mu11": 0.20143227135718492, "Mu11Prime": 1.1510628, "ThetaHiggs": 0.040933025618250296}