{"k": 151830.13090093783, "zL": 38.877091054030714, "c0": 0.0424, "c1": 0.0545, "c2": -0.5982, "c0Prime": 0.5383, "Mu1": 12.6335, "Mu2Tilde": 1.6296, "Mu11": 0.271828, "Mu11Prime": 1.030476, "ThetaHiggs": 8.280968430542701e-07}