{"k": 114572.36790564105, "zL": 33.88204525440835, "c0": 0.07347215840000003, "c1": 0.0821633540819626, "c2": -0.7787468645125504, "c0Prime": 0.41285530071616, "Mu1": 13.116190978898052, "Mu2Tilde": 1.2473702588761018, "Mu11": 0.35970502317783243, "Mu11Prime": 0.06846703214399999, "ThetaHiggs": 0.1041493904378016}