{"k": 230932.25641546928, "zL": 33.97454576350984, "c0": 0.2453, "c1": 0.1430904768912, "c2": -1.00746872, "c0Prime": 0.6205422, "Mu1": 13.853699019775998, "Mu2Tilde": 0.06199489454399987, "Mu11": 1.1664002241289602, "Mu11Prime": 1.38042, "ThetaHiggs": 3.0559158865184344e-05}