{
	"sin2ThWLambda":0.20163009529405557,
	"LambdaMax":3.248390048487234e6,
	"sin2ThWMKK5":0.16970248612202476,
	"a1YinvMKK5":6.1868572378460655e1,
	"a2LinvMKK5":2.106509102852347e1,
	"a3CinvMKK5":1.4028310489065682e1,
	"a4CinvLambda":2.1597904859629175e1,
	"a2LinvLambda":2.7744321351926846e1,
	"a2RinvLambda":9.558096296546655e1
}