{
	"sin2ThWLambda":0.27918217315787724,
	"LambdaMax":5.876505466052191e6,
	"sin2ThWMKK5":0.25846637025452124,
	"a1YinvMKK5":5.41669509085619e1,
	"a2LinvMKK5":3.1449783667005317e1,
	"a3CinvMKK5":1.4428322091757538e1,
	"a4CinvLambda":6.0047770285333115,
	"a2LinvLambda":3.049478006256635e1,
	"a2RinvLambda":7.485478829681148e1
}