{
	"sin2ThWLambda":0.18715744384364852,
	"LambdaMax":5.080418899673652e6,
	"sin2ThWMKK5":0.15340412363268086,
	"a1YinvMKK5":6.2832246210707936e1,
	"a2LinvMKK5":1.8966440650080575e1,
	"a3CinvMKK5":1.452559192604861e1,
	"a4CinvLambda":2.2138853622327826e1,
	"a2LinvLambda":2.5694979174343032e1,
	"a2RinvLambda":9.69602866755457e1
}