{
	"sin2ThW-Lambda":4.436121482983215e-2,
	"LambdaMax":9.97755780006464e5,
	"sin2ThW-MKK5":3.590140305724559e-2,
	"a1Yinv-MKK5":7.377902582507559e1,
	"a2Linv-MKK5":4.577125640523812,
	"a3Cinv-MKK5":1.2770278553180347e1,
	"a4Cinv-Lambda":1.0556171747324495e1,
	"a2Linv-Lambda":5.4775110847219395,
	"a2Rinv-Lambda":1.11084055568548e2
}