{
	"sin2ThW-Lambda":3.248429063406911e-2,
	"LambdaMax":9.029400260138598e5,
	"sin2ThW-MKK5":2.3687909952995207e-2,
	"a1Yinv-MKK5":7.508565109174958e1,
	"a2Linv-MKK5":3.035060118171531,
	"a3Cinv-MKK5":1.2958861807869626e1,
	"a4Cinv-Lambda":1.1162739134593997e1,
	"a2Linv-Lambda":4.056632264621579,
	"a2Rinv-Lambda":1.1350514566550889e2
}