{
	"sin2ThW-Lambda":6.72290640658904e-2,
	"LambdaMax":2.7537745690759397e6,
	"sin2ThW-MKK5":5.998553898918482e-2,
	"a1Yinv-MKK5":7.198885747661801e1,
	"a2Linv-MKK5":7.653243263929254,
	"a3Cinv-MKK5":1.3498164861956129e1,
	"a4Cinv-Lambda":9.522318254414696,
	"a2Linv-Lambda":8.159075073865814,
	"a2Rinv-Lambda":1.0697881825962466e2
}