{
	"sin2ThWLambda":0.2798083619312854,
	"LambdaMax":5.919714286717236e6,
	"sin2ThWMKK5":0.25927301221863125,
	"a1YinvMKK5":5.425526038157274e1,
	"a2LinvMKK5":3.1633807501224616e1,
	"a3CinvMKK5":1.4574737014099743e1,
	"a4CinvLambda":6.073940870975591,
	"a2LinvLambda":3.0590996282491272e1,
	"a2RinvLambda":7.481188184942484e1
}