{
	"sin2ThWLambda":0.2055009472208688,
	"LambdaMax":1.5257392617690128e6,
	"sin2ThWMKK5":0.1748191491775295,
	"a1YinvMKK5":6.15584205136764e1,
	"a2LinvMKK5":2.1725188691329645e1,
	"a3CinvMKK5":1.3149997508616428e1,
	"a4CinvLambda":2.072151028030389e1,
	"a2LinvLambda":2.8280049053594144e1,
	"a2RinvLambda":9.5644574101134e1
}