{
	"sin2ThW-Lambda":2.9321836931655264e-2,
	"LambdaMax":4.338604721865347e5,
	"sin2ThW-MKK5":2.0113772348552446e-2,
	"a1Yinv-MKK5":7.562434621187636e1,
	"a2Linv-MKK5":2.5861083048276208,
	"a3Cinv-MKK5":1.213786007020721e1,
	"a4Cinv-Lambda":1.0419842814058827e1,
	"a2Linv-Lambda":3.678697420856124,
	"a2Rinv-Lambda":1.1495783759043304e2
}