{
	"sin2ThW":0.10368488832914535,
	"LambdaMax":1.5697927939997367e6
}