{
	"sin2ThW":0.21766671099241824,
	"LambdaMax":1.017417719237513e6
}