{
	"sin2ThW-Lambda":5.530509978652194e-2,
	"LambdaMax":1.577590096239499e6,
	"sin2ThW-MKK5":4.756547315375629e-2,
	"a1Yinv-MKK5":7.30510288025477e1,
	"a2Linv-MKK5":6.077890347432258,
	"a3Cinv-MKK5":1.3111115986764558e1,
	"a4Cinv-Lambda":9.886314514676126,
	"a2Linv-Lambda":6.777945371894097,
	"a2Rinv-Lambda":1.0931048743211646e2
}