{
	"sin2ThWLambda":0.2109550057857387,
	"LambdaMax":1.9017481095995617e6,
	"sin2ThWMKK5":0.18057471472330275,
	"a1YinvMKK5":6.107753952537449e1,
	"a2LinvMKK5":2.2421491891998805e1,
	"a3CinvMKK5":1.3435360485784742e1,
	"a4CinvLambda":2.0925159282269895e1,
	"a2LinvLambda":2.9009564785735375e1,
	"a2RinvLambda":9.467952939693988e1
}