{
	"sin2ThWLambda":0.22209916766629315,
	"LambdaMax":4.721764165699012e6,
	"sin2ThWMKK5":0.19189465018036733,
	"a1YinvMKK5":6.004838993188887e1,
	"a2LinvMKK5":2.3753591241541283e1,
	"a3CinvMKK5":1.4519970653131914e1,
	"a4CinvLambda":2.2102374063865184e1,
	"a2LinvLambda":3.053610157543964e1,
	"a2RinvLambda":9.234136033809814e1
}