{
	"sin2ThW-Lambda":1.99536240013526e-2,
	"LambdaMax":2.03369934046152e5,
	"sin2ThW-MKK5":1.0345087907360639e-2,
	"a1Yinv-MKK5":7.636469995267693e1,
	"a2Linv-MKK5":1.3298107698244217,
	"a3Cinv-MKK5":1.1680352119405544e1,
	"a4Cinv-Lambda":1.0697111937798427e1,
	"a2Linv-Lambda":2.5202428851779604,
	"a2Rinv-Lambda":1.167771566657508e2
}