{
	"sin2ThW-Lambda":0.13041652459930017,
	"LambdaMax":6.034450630034699e6,
	"sin2ThW-MKK5":0.12430467060305617,
	"a1Yinv-MKK5":6.593090493022913e1,
	"a2Linv-MKK5":1.5591069270119743e1,
	"a3Cinv-MKK5":1.4207713920743336e1,
	"a4Cinv-Lambda":6.045909861074062,
	"a2Linv-Lambda":1.4774679352059483e1,
	"a2Rinv-Lambda":9.460690084273253e1
}