{
	"sin2ThWLambda":0.27133043436357485,
	"LambdaMax":1.8732128934466646e6,
	"sin2ThWMKK5":0.2520970693461034,
	"a1YinvMKK5":5.505509423187626e1,
	"a2LinvMKK5":3.091242587203581e1,
	"a3CinvMKK5":1.3115441962134282e1,
	"a4CinvLambda":5.612268031799347,
	"a2LinvLambda":3.0137783025556732e1,
	"a2RinvLambda":7.73185892786438e1
}