{
	"sin2ThWLambda":0.271574456292594,
	"LambdaMax":1.6216339613244354e6,
	"sin2ThWMKK5":0.2513071147989556,
	"a1YinvMKK5":5.4970450209167005e1,
	"a2LinvMKK5":3.0735681949465835e1,
	"a3CinvMKK5":1.2927986947569906e1,
	"a4CinvLambda":5.447564093282171,
	"a2LinvLambda":3.0211744440362853e1,
	"a2RinvLambda":7.75269684372882e1
}