{
	"sin2ThWLambda":0.2748548947602136,
	"LambdaMax":3.0956227251394195e6,
	"sin2ThWMKK5":0.2548620133332112,
	"a1YinvMKK5":5.472591314814221e1,
	"a2LinvMKK5":3.1179818274958464e1,
	"a3CinvMKK5":1.3685329215802955e1,
	"a4CinvLambda":5.6970496969880005,
	"a2LinvLambda":3.0326802117701217e1,
	"a2RinvLambda":7.633645253687696e1
}