{
	"sin2ThW":0.20906883212078609,
	"LambdaMax":1.5369900187191267e6
}