{
	"sin2ThW-Lambda":5.2978286108372144e-2,
	"LambdaMax":1.153859222633643e6,
	"sin2ThW-MKK5":4.5084989991566994e-2,
	"a1Yinv-MKK5":7.334461486665029e1,
	"a2Linv-MKK5":5.769061496789776,
	"a3Cinv-MKK5":1.2791288262971824e1,
	"a4Cinv-Lambda":9.689124120055464,
	"a2Linv-Lambda":6.511769842991506,
	"a2Rinv-Lambda":1.1006654055585712e2
}