{
	"sin2ThW":0.2134124824855399,
	"LambdaMax":9.809228640421942e5
}