{
	"sin2ThW":0.21233760209777439,
	"LambdaMax":3.206314814526552e6
}