{
	"sin2ThW-Lambda":4.6015631754959145e-2,
	"LambdaMax":1.0853112973592342e6,
	"sin2ThW-MKK5":3.706383374530189e-2,
	"a1Yinv-MKK5":7.397544735476326e1,
	"a2Linv-MKK5":4.7436300662777695,
	"a3Cinv-MKK5":1.2712448309002292e1,
	"a4Cinv-Lambda":1.02726488532828e1,
	"a2Linv-Lambda":5.693411808312152,
	"a2Rinv-Lambda":1.1130971945352947e2
}