{
	"sin2ThW-Lambda":0.1330095533364435,
	"LambdaMax":3.7241057142687147e6,
	"sin2ThW-MKK5":0.12825422257816177,
	"a1Yinv-MKK5":6.600704092543144e1,
	"a2Linv-MKK5":1.6177986854177608e1,
	"a3Cinv-MKK5":1.3713741136997907e1,
	"a4Cinv-Lambda":5.521464309913168,
	"a2Linv-Lambda":1.511765505822707e1,
	"a2Rinv-Lambda":9.498357126008413e1
}