{
	"sin2ThW":0.21578492015868084,
	"LambdaMax":3.1446845140541093e6
}