{
	"sin2ThW":0.23561420635494149,
	"LambdaMax":5.640310766817531e6
}