{
	"sin2ThW":0.21836292445361127,
	"LambdaMax":1.7872996719408692e6
}