{
	"sin2ThWLambda":0.2715183396431592,
	"LambdaMax":1.973129555153282e6,
	"sin2ThWMKK5":0.2525277611914347,
	"a1YinvMKK5":5.484370224718332e1,
	"a2LinvMKK5":3.0864063715121596e1,
	"a3CinvMKK5":1.3167947018185744e1,
	"a4CinvLambda":5.42228592979998,
	"a2LinvLambda":2.999646098173214e1,
	"a2RinvLambda":7.698920879089319e1
}